{
  "SimpleCNN": {
    "loss": 0.6376693589346749,
    "accuracy": 0.6363636363636364,
    "r2": 0.16309276480409562,
    "mae": 0.10759113804258481
  },
  "ResNet18": {
    "loss": 0.6098236228738513,
    "accuracy": 0.6565656565656566,
    "r2": 0.2327448304603318,
    "mae": 0.10000736183590359
  },
  "EfficientNet-B0": {
    "loss": 0.5261028153555733,
    "accuracy": 0.7272727272727273,
    "r2": 0.24649803326367692,
    "mae": 0.10351921015917653
  }
}