{
  "original": {
    "clean": {
      "accuracy": 0.8056768558951966,
      "r2": 0.5731671030278196,
      "mae": 0.08001508486485638
    },
    "res_0.5x": {
      "accuracy": 0.7903930131004366,
      "r2": 0.5585153485510073,
      "mae": 0.08343317170167855
    },
    "res_0.25x": {
      "accuracy": 0.574235807860262,
      "r2": 0.17364384475350236,
      "mae": 0.1259759708051468
    },
    "gauss_\u03c315": {
      "accuracy": 0.7270742358078602,
      "r2": 0.3462658844716844,
      "mae": 0.0932689999274942
    },
    "gauss_\u03c330": {
      "accuracy": 0.5829694323144105,
      "r2": -0.16086226597665587,
      "mae": 0.12510694408032833
    },
    "speckle_0.3": {
      "accuracy": 0.5283842794759825,
      "r2": -0.3347249872556781,
      "mae": 0.13176085011765165
    },
    "speckle_0.6": {
      "accuracy": 0.4978165938864629,
      "r2": -0.25614245872307473,
      "mae": 0.12924393878916204
    },
    "blur_r2": {
      "accuracy": 0.5502183406113537,
      "r2": -0.1710798369342117,
      "mae": 0.16055182422059852
    },
    "blur_r5": {
      "accuracy": 0.4890829694323144,
      "r2": 0.006722756852170164,
      "mae": 0.1374654090153989
    },
    "contrast_0.5x": {
      "accuracy": 0.8056768558951966,
      "r2": 0.5310238746701513,
      "mae": 0.08100750758495653
    },
    "contrast_0.25x": {
      "accuracy": 0.5589519650655022,
      "r2": 0.1979739042471721,
      "mae": 0.12174389770815726
    }
  },
  "robust": {
    "clean": {
      "accuracy": 0.7445414847161572,
      "r2": 0.45053930478344684,
      "mae": 0.08998364474477986
    },
    "res_0.5x": {
      "accuracy": 0.7510917030567685,
      "r2": 0.45108864109855273,
      "mae": 0.08988741545340119
    },
    "res_0.25x": {
      "accuracy": 0.7532751091703057,
      "r2": 0.4506613360903945,
      "mae": 0.09034994686242014
    },
    "gauss_\u03c315": {
      "accuracy": 0.74235807860262,
      "r2": 0.444295121894955,
      "mae": 0.09067651708346007
    },
    "gauss_\u03c330": {
      "accuracy": 0.7445414847161572,
      "r2": 0.4491460913148866,
      "mae": 0.0902757023961393
    },
    "speckle_0.3": {
      "accuracy": 0.7358078602620087,
      "r2": 0.44624860494151863,
      "mae": 0.0907015055987382
    },
    "speckle_0.6": {
      "accuracy": 0.7161572052401747,
      "r2": 0.37981919977698897,
      "mae": 0.09746327648939784
    },
    "blur_r2": {
      "accuracy": 0.7532751091703057,
      "r2": 0.4566108015637268,
      "mae": 0.09014922592740132
    },
    "blur_r5": {
      "accuracy": 0.6703056768558951,
      "r2": 0.3982745081394905,
      "mae": 0.09510844958921708
    },
    "contrast_0.5x": {
      "accuracy": 0.7554585152838428,
      "r2": 0.4504583563057014,
      "mae": 0.08978308831630315
    },
    "contrast_0.25x": {
      "accuracy": 0.7467248908296943,
      "r2": 0.43942404641856814,
      "mae": 0.09089950881247698
    }
  }
}