{
  "spatial": {
    "full_image": {
      "accuracy": 0.8056768558951966,
      "r2": 0.5731671030278196,
      "mae": 0.08001508486485638
    },
    "border_mask_10pct": {
      "accuracy": 0.8165938864628821,
      "r2": 0.5689806011278437,
      "mae": 0.08278410737789094
    },
    "border_mask_20pct": {
      "accuracy": 0.7947598253275109,
      "r2": 0.48958118174683174,
      "mae": 0.09219248445631376
    },
    "border_mask_30pct": {
      "accuracy": 0.7336244541484717,
      "r2": 0.37614104751039446,
      "mae": 0.11144130516748502
    },
    "center_crop_80pct": {
      "accuracy": 0.75764192139738,
      "r2": 0.502840687046137,
      "mae": 0.08953231484446203
    },
    "center_crop_60pct": {
      "accuracy": 0.5676855895196506,
      "r2": 0.007711012280555818,
      "mae": 0.1436539789393349
    },
    "center_crop_40pct": {
      "accuracy": 0.4978165938864629,
      "r2": -1.0777889527781404,
      "mae": 0.22973471615609903
    }
  },
  "shuffled": {
    "accuracy": 0.4781659388646288,
    "r2": -0.008149575665765685,
    "mae": 0.14010391712969567
  },
  "degradation": {
    "baseline": {
      "accuracy": 0.8056768558951966,
      "r2": 0.5731671030278196,
      "mae": 0.08001508486485638
    },
    "resolution_0.5x": {
      "accuracy": 0.7903930131004366,
      "r2": 0.5585153485510073,
      "mae": 0.08343317170167855
    },
    "resolution_0.25x": {
      "accuracy": 0.574235807860262,
      "r2": 0.17364384475350236,
      "mae": 0.1259759708051468
    },
    "gaussian_noise_\u03c315": {
      "accuracy": 0.7379912663755459,
      "r2": 0.41021691256907866,
      "mae": 0.08945915510463141
    },
    "gaussian_noise_\u03c330": {
      "accuracy": 0.5938864628820961,
      "r2": -0.22375596869449788,
      "mae": 0.12686480942088704
    },
    "speckle_noise_0.3": {
      "accuracy": 0.5218340611353712,
      "r2": -0.3385411417413471,
      "mae": 0.13463264375957598
    },
    "speckle_noise_0.6": {
      "accuracy": 0.5152838427947598,
      "r2": -0.2376466687398724,
      "mae": 0.12885774830640925
    },
    "blur_r2": {
      "accuracy": 0.5502183406113537,
      "r2": -0.1710798369342117,
      "mae": 0.16055182422059852
    },
    "blur_r5": {
      "accuracy": 0.4890829694323144,
      "r2": 0.006722756852170164,
      "mae": 0.1374654090153989
    },
    "contrast_0.5x": {
      "accuracy": 0.8056768558951966,
      "r2": 0.5310238746701513,
      "mae": 0.08100750758495653
    },
    "contrast_0.25x": {
      "accuracy": 0.5589519650655022,
      "r2": 0.1979739042471721,
      "mae": 0.12174389770815726
    }
  },
  "verdict": "LIKELY REAL but some concerns"
}